지점번호,지점명,일시,평균기온(℃),최고기온(℃),최고기온시각,최저기온(℃),최저기온시각,일교차
108,서울,2017-01-01,2.7,6.9,14:19,-1.6,5:40,",8.5"
108,서울,2017-01-02,5,9.2,13:55,1.8,23:55,",7.4"
108,서울,2017-01-03,2,7.7,14:44,-2.3,7:31,",10"
108,서울,2017-01-04,3.9,8.9,15:19,1,0:01,",7.9"
108,서울,2017-01-05,3.8,7.3,14:44,-0.1,3:16,",7.4"
108,서울,2017-01-06,5.4,11.4,15:48,2.5,8:04,",8.9"
108,서울,2017-01-07,4.6,10.5,13:27,0,8:15,",10.5"
108,서울,2017-01-08,6.5,10.9,13:50,4,4:58,",6.9"
108,서울,2017-01-09,1.5,4.3,14:54,-3.1,23:57,",7.4"
108,서울,2017-01-10,-3.7,1.1,13:09,-7.4,23:49,",8.5"
108,서울,2017-01-11,-3.8,1.5,14:05,-9.4,7:45,",10.9"
108,서울,2017-01-12,-2.2,1,13:55,-6.1,23:53,",7.1"
108,서울,2017-01-13,-6,-1.4,15:00,-8.6,22:50,",7.2"
108,서울,2017-01-14,-8.4,-5.4,14:37,-10.5,7:59,",5.1"
108,서울,2017-01-15,-6.6,-0.9,15:48,-11.5,7:48,",10.6"
108,서울,2017-01-16,-3.8,4,14:42,-8.9,7:19,",12.9"
108,서울,2017-01-17,-2,3.4,15:19,-7.1,7:36,",10.5"
108,서울,2017-01-18,-0.5,2.8,15:11,-3,7:57,",5.8"
108,서울,2017-01-19,-1.2,4.7,15:05,-4.9,7:41,",9.6"
108,서울,2017-01-20,-4.4,-1.4,0:01,-7.8,23:57,",6.4"
108,서울,2017-01-21,-5.2,-0.9,12:48,-10,6:41,",9.1"
108,서울,2017-01-22,-8.3,-3.3,0:01,-10.9,23:31,",7.6"
108,서울,2017-01-23,-8.9,-4.1,15:52,-12.6,5:48,",8.5"
108,서울,2017-01-24,-7,-1.3,15:30,-11.6,4:19,",10.3"
108,서울,2017-01-25,-5.2,0.9,15:09,-10.2,6:50,",11.1"
108,서울,2017-01-26,-1.3,3.4,14:19,-7.9,6:24,",11.3"
108,서울,2017-01-27,-2.6,3.1,0:01,-5.7,23:48,",8.8"
108,서울,2017-01-28,-1.6,4.3,13:54,-8.2,6:49,",12.5"
108,서울,2017-01-29,0.8,2.5,10:29,-0.9,23:46,",3.4"
108,서울,2017-01-30,-4.8,-0.9,0:01,-7.9,23:54,",7"
108,서울,2017-01-31,-5.4,0.2,15:10,-9.9,4:22,",10.1"
108,서울,2017-02-01,-4,0.7,14:22,-7.5,23:57,",8.2"
108,서울,2017-02-02,-2.7,3.3,15:11,-9.2,6:59,",12.5"
108,서울,2017-02-03,1.5,6.7,14:45,-2.3,7:21,",9"
108,서울,2017-02-04,0.9,3.2,14:22,-2.9,6:46,",6.1"
108,서울,2017-02-05,1.2,2.3,0:01,-1.5,23:52,",3.8"
108,서울,2017-02-06,-1.7,2.6,16:44,-4.4,7:44,",7"
108,서울,2017-02-07,-2,3,15:12,-5.6,6:31,",8.6"
108,서울,2017-02-08,-2.2,0.6,13:51,-4.9,6:22,",5.5"
108,서울,2017-02-09,-5.3,-2.1,13:32,-7.1,23:53,",5"
108,서울,2017-02-10,-6.6,-2.5,15:20,-9.3,7:09,",6.8"
108,서울,2017-02-11,-4.8,0.8,15:14,-9.2,4:51,",10"
108,서울,2017-02-12,-2.2,4.2,14:37,-7.4,7:06,",11.6"
108,서울,2017-02-13,0.1,6.1,14:40,-5.4,7:09,",11.5"
108,서울,2017-02-14,0.3,6.5,15:06,-4,7:59,",10.5"
108,서울,2017-02-15,1.8,8,15:24,-3.9,7:33,",11.9"
108,서울,2017-02-16,5.5,10.3,20:01,-1.9,7:27,",12.2"
108,서울,2017-02-17,0.8,9,0:01,-5.2,23:56,",14.2"
108,서울,2017-02-18,-2.6,2.9,15:24,-7,6:24,",9.9"
108,서울,2017-02-19,2.3,5.7,17:15,-3.4,6:47,",9.1"
108,서울,2017-02-20,-1.5,5.4,0:02,-5.2,23:53,",10.6"
108,서울,2017-02-21,-0.6,6.9,15:39,-7.6,7:12,",14.5"
108,서울,2017-02-22,1.7,2.9,9:13,-0.9,23:53,",3.8"
108,서울,2017-02-23,-1.5,2.1,14:48,-4.2,23:48,",6.3"
108,서울,2017-02-24,-0.8,4.4,14:12,-5.8,5:58,",10.2"
108,서울,2017-02-25,2.6,8.4,15:22,-2.8,7:07,",11.2"
108,서울,2017-02-26,3.6,10.1,14:43,-1.5,7:12,",11.6"
108,서울,2017-02-27,3.7,10.7,14:16,-1.8,7:30,",12.5"
108,서울,2017-02-28,5.6,12.3,15:04,-1.3,7:17,",13.6"
108,서울,2017-03-01,5,11.4,13:00,2,23:21,",9.4"
108,서울,2017-03-02,1.8,6.6,16:46,-1.1,23:58,",7.7"
108,서울,2017-03-03,3.3,10.4,14:45,-3.1,7:15,",13.5"
108,서울,2017-03-04,5.7,12.7,14:52,0.1,6:51,",12.6"
108,서울,2017-03-05,5.2,10.4,14:33,1.2,7:15,",9.2"
108,서울,2017-03-06,0.1,4,0:01,-2.8,6:49,",6.8"
108,서울,2017-03-07,-1.3,2.9,15:41,-4,7:07,",6.9"
108,서울,2017-03-08,-0.1,5,13:09,-5.3,5:08,",10.3"
108,서울,2017-03-09,3.2,10.7,15:34,-2.7,4:09,",13.4"
108,서울,2017-03-10,4.8,12.2,15:18,-1.2,6:48,",13.4"
108,서울,2017-03-11,7.3,16.7,15:08,-0.2,7:13,",16.9"
108,서울,2017-03-12,8.2,14,14:33,4.4,6:59,",9.6"
108,서울,2017-03-13,6.9,12.2,15:18,1.5,7:10,",10.7"
108,서울,2017-03-14,5.8,10.9,15:37,1,7:01,",9.9"
108,서울,2017-03-15,6.3,13.3,15:02,0.4,6:52,",12.9"
108,서울,2017-03-16,6.2,13.4,15:59,1,7:01,",12.4"
108,서울,2017-03-17,7.7,15.7,16:02,1.2,7:09,",14.5"
108,서울,2017-03-18,9.5,16.1,13:05,5.9,5:30,",10.2"
108,서울,2017-03-19,10.9,18.9,14:24,3.2,6:42,",15.7"
108,서울,2017-03-20,10.2,15.5,15:03,6,5:26,",9.5"
108,서울,2017-03-21,7.4,12.6,17:27,4.3,7:05,",8.3"
108,서울,2017-03-22,7.6,14.1,15:19,1.9,6:23,",12.2"
108,서울,2017-03-23,9.1,15,14:20,5.1,6:48,",9.9"
108,서울,2017-03-24,8.7,15.2,15:20,3.9,6:25,",11.3"
108,서울,2017-03-25,8.1,12.6,12:50,5,23:59,",7.6"
108,서울,2017-03-26,7.3,11.6,13:12,4.8,6:10,",6.8"
108,서울,2017-03-27,6.1,10.9,14:23,4.4,6:49,",6.5"
108,서울,2017-03-28,7.1,12.7,14:08,2.5,4:47,",10.2"
108,서울,2017-03-29,8.8,14.4,14:50,4.7,4:52,",9.7"
108,서울,2017-03-30,10.6,17.1,14:04,4.1,6:38,",13"
108,서울,2017-03-31,8.6,12.4,10:36,4.9,23:47,",7.5"
108,서울,2017-04-01,9,15.1,14:50,4.8,0:07,",10.3"
108,서울,2017-04-02,9,15.8,15:12,3.1,5:34,",12.7"
108,서울,2017-04-03,11.4,19.2,15:14,4.3,6:30,",14.9"
108,서울,2017-04-04,14.1,21.8,14:13,6.7,6:33,",15.1"
108,서울,2017-04-05,12,14.2,12:10,10.8,16:35,",3.4"
108,서울,2017-04-06,10.4,12.4,0:01,9.4,8:35,",3"
108,서울,2017-04-07,14.5,23.5,15:39,9,3:23,",14.5"
108,서울,2017-04-08,13,19.9,15:46,8.6,6:47,",11.3"
108,서울,2017-04-09,14.8,20.5,14:34,10.6,6:27,",9.9"
108,서울,2017-04-10,16.5,23.3,16:09,10.1,6:36,",13.2"
108,서울,2017-04-11,15.3,20.2,14:40,11.5,23:57,",8.7"
108,서울,2017-04-12,11.5,16.4,14:33,8.8,23:28,",7.6"
108,서울,2017-04-13,12.7,19.6,15:39,6.3,6:04,",13.3"
108,서울,2017-04-14,13,17.7,10:33,10.1,5:59,",7.6"
108,서울,2017-04-15,16.8,24.3,14:36,10.9,3:05,",13.4"
108,서울,2017-04-16,18.7,24.4,14:17,12.9,6:39,",11.5"
108,서울,2017-04-17,14.7,18,10:33,11.2,23:56,",6.8"
108,서울,2017-04-18,11.7,17.4,11:09,9.4,23:47,",8"
108,서울,2017-04-19,12.6,18.4,15:06,7,4:57,",11.4"
108,서울,2017-04-20,12.9,18.2,14:03,9.9,6:06,",8.3"
108,서울,2017-04-21,13.1,19.3,13:26,7.6,5:36,",11.7"
108,서울,2017-04-22,14.8,22.5,15:09,8.5,5:17,",14"
108,서울,2017-04-23,14.9,21.7,15:21,8.9,5:44,",12.8"
108,서울,2017-04-24,15.1,21.3,13:08,8.3,5:52,",13"
108,서울,2017-04-25,16,20.4,12:42,12.9,6:37,",7.5"
108,서울,2017-04-26,15.1,20.2,14:10,10.5,6:43,",9.7"
108,서울,2017-04-27,13.6,19.8,14:29,7.9,5:47,",11.9"
108,서울,2017-04-28,14.4,21.5,13:17,8.9,6:05,",12.6"
108,서울,2017-04-29,17.1,23.7,15:03,9.6,5:45,",14.1"
108,서울,2017-04-30,19.3,27.8,14:16,13.7,5:30,",14.1"
108,서울,2017-05-01,20.1,28.3,15:25,12.8,5:52,",15.5"
108,서울,2017-05-02,20.7,28,14:35,15.2,5:38,",12.8"
108,서울,2017-05-03,21.5,30.2,14:55,14.5,6:13,",15.7"
108,서울,2017-05-04,21,27.5,14:16,14.8,5:52,",12.7"
108,서울,2017-05-05,20.9,27,14:18,15.5,24:00:00,",11.5"
108,서울,2017-05-06,14.9,19.3,12:47,10,6:01,",9.3"
108,서울,2017-05-07,16.6,22.8,15:28,10.9,5:34,",11.9"
108,서울,2017-05-08,17.9,23.5,13:36,11.1,5:36,",12.4"
108,서울,2017-05-09,17.1,22.6,13:56,15.3,5:10,",7.3"
108,서울,2017-05-10,16.4,20.8,16:45,14.2,7:23,",6.6"
108,서울,2017-05-11,19.3,24.8,16:52,13.1,4:11,",11.7"
108,서울,2017-05-12,19.1,21.1,12:22,16.8,23:58,",4.3"
108,서울,2017-05-13,16.4,22.6,11:55,12.4,24:00:00,",10.2"
108,서울,2017-05-14,15.7,20.7,15:26,11,6:04,",9.7"
108,서울,2017-05-15,16,20.1,13:48,12.3,4:01,",7.8"
108,서울,2017-05-16,17.1,22.3,15:15,13.3,4:30,",9"
108,서울,2017-05-17,18.6,25.9,15:06,12.3,5:38,",13.6"
108,서울,2017-05-18,20.4,26.9,15:33,13.9,4:46,",13"
108,서울,2017-05-19,21.1,27.9,14:44,15.1,5:41,",12.8"
108,서울,2017-05-20,20.9,27.3,13:14,15.4,5:22,",11.9"
108,서울,2017-05-21,21.5,27.6,14:53,16,5:14,",11.6"
108,서울,2017-05-22,21.8,28,14:32,15.9,5:32,",12.1"
108,서울,2017-05-23,20,24.4,11:40,17.2,4:13,",7.2"
108,서울,2017-05-24,21.8,27.8,15:45,16.9,6:14,",10.9"
108,서울,2017-05-25,19.2,24.4,13:57,14.4,23:52,",10"
108,서울,2017-05-26,17.7,23.2,16:33,12.4,4:06,",10.8"
108,서울,2017-05-27,19.5,26.4,14:24,13.7,5:28,",12.7"
108,서울,2017-05-28,21.2,27.9,15:08,14.4,4:50,",13.5"
108,서울,2017-05-29,22.9,29.3,14:34,18.1,4:30,",11.2"
108,서울,2017-05-30,23.6,30.3,14:40,18.6,4:20,",11.7"
108,서울,2017-05-31,23.3,29.6,16:22,17.7,4:56,",11.9"
108,서울,2017-06-01,23.3,27,12:49,20,23:57,",7"
108,서울,2017-06-02,20.5,25.6,13:29,15.5,5:30,",10.1"
108,서울,2017-06-03,20.5,26.5,16:14,16.1,5:33,",10.4"
108,서울,2017-06-04,21.7,28.1,15:41,15.1,5:33,",13"
108,서울,2017-06-05,24.2,30.3,16:55,16.4,5:36,",13.9"
108,서울,2017-06-06,19.4,23.9,13:41,14.5,21:03,",9.4"
108,서울,2017-06-07,17.6,19.2,13:39,15.1,0:01,",4.1"
108,서울,2017-06-08,20.1,25.9,14:12,15.1,4:25,",10.8"
108,서울,2017-06-09,21.2,25.7,14:12,17.9,1:33,",7.8"
108,서울,2017-06-10,21.5,27.5,16:09,16.7,6:46,",10.8"
108,서울,2017-06-11,22.8,29.6,16:08,14.8,5:53,",14.8"
108,서울,2017-06-12,22.1,28,15:54,17,5:31,",11"
108,서울,2017-06-13,21.5,25.9,15:33,18.3,4:58,",7.6"
108,서울,2017-06-14,21.8,26.8,14:58,17.8,4:58,",9"
108,서울,2017-06-15,23.1,29.6,15:03,18,5:05,",11.6"
108,서울,2017-06-16,25.5,32.7,14:48,20,5:05,",12.7"
108,서울,2017-06-17,24.2,29.9,15:51,20.6,6:10,",9.3"
108,서울,2017-06-18,24.3,31.8,14:42,18.6,5:06,",13.2"
108,서울,2017-06-19,24.8,30.2,15:26,19.5,4:37,",10.7"
108,서울,2017-06-20,26,32.7,13:40,20,5:13,",12.7"
108,서울,2017-06-21,25.4,31.6,14:04,21.7,23:51,",9.9"
108,서울,2017-06-22,25.3,30.4,13:51,21.2,1:37,",9.2"
108,서울,2017-06-23,26.7,34.1,13:40,21.3,5:43,",12.8"
108,서울,2017-06-24,24.5,27.8,11:39,21.5,23:58,",6.3"
108,서울,2017-06-25,23.8,28.4,13:37,21,4:43,",7.4"
108,서울,2017-06-26,23.1,29.9,15:08,20.1,9:01,",9.8"
108,서울,2017-06-27,25.2,30.5,15:15,20.8,4:12,",9.7"
108,서울,2017-06-28,26,30.5,15:54,22.5,4:40,",8"
108,서울,2017-06-29,26.2,31.5,15:22,21.9,5:32,",9.6"
108,서울,2017-06-30,25.9,30.9,14:45,22.2,4:51,",8.7"
108,서울,2017-07-01,25.3,30.7,14:48,22.4,5:58,",8.3"
108,서울,2017-07-02,24.3,26.8,13:32,21.9,23:58,",4.9"
108,서울,2017-07-03,24.7,27.4,13:32,21.9,0:05,",5.5"
108,서울,2017-07-04,26.7,31.6,14:36,23.8,5:52,",7.8"
108,서울,2017-07-05,27.4,32.6,17:08,23.3,4:15,",9.3"
108,서울,2017-07-06,27.6,34.6,15:19,23.9,5:32,",10.7"
108,서울,2017-07-07,26.4,28.4,14:15,24.4,5:24,",4"
108,서울,2017-07-08,26,27.6,14:32,24.6,8:51,",3"
108,서울,2017-07-09,26.3,30.3,14:36,23.8,23:59,",6.5"
108,서울,2017-07-10,24,25.4,10:00,22.6,22:23,",2.8"
108,서울,2017-07-11,26,30.9,15:30,22.2,4:36,",8.7"
108,서울,2017-07-12,27.1,31.1,16:09,24.9,23:58,",6.2"
108,서울,2017-07-13,27.6,32.1,14:46,23.1,5:31,",9"
108,서울,2017-07-14,28.7,33,14:09,26.1,5:56,",6.9"
108,서울,2017-07-15,25,27.3,0:01,23.4,5:23,",3.9"
108,서울,2017-07-16,26.2,28.8,14:39,23.4,4:46,",5.4"
108,서울,2017-07-17,26.8,29,11:46,24,23:40,",5"
108,서울,2017-07-18,26.5,30.7,16:44,23.9,0:28,",6.8"
108,서울,2017-07-19,28.3,34.1,15:22,24.5,6:04,",9.6"
108,서울,2017-07-20,29.9,34.9,14:56,26,4:37,",8.9"
108,서울,2017-07-21,29.8,32.4,16:43,27.3,5:34,",5.1"
108,서울,2017-07-22,29.3,32.5,15:34,27.5,8:31,",5"
108,서울,2017-07-23,27,28.1,0:01,26.1,10:16,",2"
108,서울,2017-07-24,26.2,27.3,10:52,25.6,4:30,",1.7"
108,서울,2017-07-25,29.4,35.4,16:04,24.6,5:38,",10.8"
108,서울,2017-07-26,28.7,32.8,15:57,24.2,5:39,",8.6"
108,서울,2017-07-27,27.1,29.7,15:01,24.9,6:20,",4.8"
108,서울,2017-07-28,25.5,26.9,17:34,24.8,4:56,",2.1"
108,서울,2017-07-29,27.2,30.1,16:16,25,1:07,",5.1"
108,서울,2017-07-30,27.9,32.6,15:41,24.7,4:49,",7.9"
108,서울,2017-07-31,25.7,27.1,0:01,24.8,23:59,",2.3"
108,서울,2017-08-01,28.6,33,14:28,24.1,6:17,",8.9"
108,서울,2017-08-02,30,33,16:19,26.6,5:31,",6.4"
108,서울,2017-08-03,30.2,33.9,15:18,27.2,6:10,",6.7"
108,서울,2017-08-04,30.3,35.3,16:39,25.9,6:00,",9.4"
108,서울,2017-08-05,31.4,34.8,16:22,27.6,5:55,",7.2"
108,서울,2017-08-06,29.8,34,16:39,28.2,10:51,",5.8"
108,서울,2017-08-07,29.2,34.4,15:23,26.4,4:44,",8"
108,서울,2017-08-08,28.2,31,17:53,25.5,6:20,",5.5"
108,서울,2017-08-09,27.6,32,15:45,24.6,23:59,",7.4"
108,서울,2017-08-10,24.8,26.3,15:17,23.9,5:10,",2.4"
108,서울,2017-08-11,27,32.4,16:08,23.9,2:48,",8.5"
108,서울,2017-08-12,27.8,32.6,13:46,23.2,5:45,",9.4"
108,서울,2017-08-13,26.3,28.4,14:00,24.2,7:33,",4.2"
108,서울,2017-08-14,24.6,27.1,12:12,23.1,19:45,",4"
108,서울,2017-08-15,21.9,24,0:12,20.8,22:36,",3.2"
108,서울,2017-08-16,23.3,26.8,14:26,20.5,4:55,",6.3"
108,서울,2017-08-17,24.8,27.7,14:49,21.2,3:41,",6.5"
108,서울,2017-08-18,26.3,30.6,16:20,23.9,5:35,",6.7"
108,서울,2017-08-19,26.1,28.7,13:59,23.1,6:09,",5.6"
108,서울,2017-08-20,23.2,25.8,0:01,22,7:26,",3.8"
108,서울,2017-08-21,25.8,29.2,16:27,23.7,0:01,",5.5"
108,서울,2017-08-22,27.3,31.5,16:34,23.4,6:10,",8.1"
108,서울,2017-08-23,27.2,30.2,14:59,24.6,6:17,",5.6"
108,서울,2017-08-24,26.5,28.1,12:06,23.9,24:00:00,",4.2"
108,서울,2017-08-25,25.3,30.6,16:16,22.2,6:04,",8.4"
108,서울,2017-08-26,24.2,29.2,15:48,19,5:47,",10.2"
108,서울,2017-08-27,22.7,26.7,15:09,19,5:20,",7.7"
108,서울,2017-08-28,21.5,26.5,11:43,18.3,23:52,",8.2"
108,서울,2017-08-29,19.5,24,16:07,17,23:41,",7"
108,서울,2017-08-30,19.8,23.9,17:15,16.1,5:54,",7.8"
108,서울,2017-08-31,22.2,27.6,15:19,16.6,6:01,",11"
108,서울,2017-09-01,23.3,29.7,16:08,17.1,6:26,",12.6"
108,서울,2017-09-02,23.8,29.6,14:32,18.6,6:06,",11"
108,서울,2017-09-03,23.7,29.2,16:13,19,6:03,",10.2"
108,서울,2017-09-04,24.6,30.1,14:33,19.7,5:27,",10.4"
108,서울,2017-09-05,21.9,23.7,13:29,20.4,5:30,",3.3"
108,서울,2017-09-06,20.6,24,11:35,18.5,23:38,",5.5"
108,서울,2017-09-07,22.4,27.5,15:09,17.8,3:54,",9.7"
108,서울,2017-09-08,24.3,29.9,15:41,20.4,5:07,",9.5"
108,서울,2017-09-09,23.8,28.2,14:47,19.2,6:22,",9"
108,서울,2017-09-10,23,26.1,14:41,19.9,5:46,",6.2"
108,서울,2017-09-11,21.2,24.6,16:47,18.6,6:54,",6"
108,서울,2017-09-12,22.1,27.9,14:49,17.7,6:08,",10.2"
108,서울,2017-09-13,21.4,27.5,15:26,15.9,6:29,",11.6"
108,서울,2017-09-14,22.4,29.5,14:13,14.8,6:42,",14.7"
108,서울,2017-09-15,22.6,27.9,15:34,17.8,6:13,",10.1"
108,서울,2017-09-16,22,27.6,14:49,16.7,6:23,",10.9"
108,서울,2017-09-17,23.1,29.2,14:58,19,4:57,",10.2"
108,서울,2017-09-18,21.9,27.6,14:24,16.4,6:37,",11.2"
108,서울,2017-09-19,22.6,25.8,14:42,20.1,2:24,",5.7"
108,서울,2017-09-20,19.5,24.9,15:01,14.1,6:30,",10.8"
108,서울,2017-09-21,20.3,27,15:27,14.2,6:18,",12.8"
108,서울,2017-09-22,20.6,26.8,13:36,15.4,5:33,",11.4"
108,서울,2017-09-23,21.8,27.3,14:23,17.6,2:27,",9.7"
108,서울,2017-09-24,22.4,27.9,14:03,18.8,2:44,",9.1"
108,서울,2017-09-25,23.4,30.1,14:22,17.4,6:25,",12.7"
108,서울,2017-09-26,25.1,31.4,14:47,19.4,6:27,",12"
108,서울,2017-09-27,22.7,27.3,15:05,19.9,23:55,",7.4"
108,서울,2017-09-28,19.2,25.3,13:31,14.2,23:49,",11.1"
108,서울,2017-09-29,17.4,23.5,13:34,11.2,6:25,",12.3"
108,서울,2017-09-30,20,25.9,14:45,14.7,6:37,",11.2"
108,서울,2017-10-01,18.2,21.2,12:03,15.5,22:56,",5.7"
108,서울,2017-10-02,22,29.4,15:10,15.6,0:01,",13.8"
108,서울,2017-10-03,17.6,23.6,14:11,13.4,6:56,",10.2"
108,서울,2017-10-04,16.7,24.3,14:02,10.7,6:07,",13.6"
108,서울,2017-10-05,18.7,23.4,13:07,13.9,5:31,",9.5"
108,서울,2017-10-06,18.9,23.3,11:03,16.2,4:35,",7.1"
108,서울,2017-10-07,21.9,28.8,15:28,16.9,6:18,",11.9"
108,서울,2017-10-08,23,28.7,13:28,19.3,6:48,",9.4"
108,서울,2017-10-09,22.5,27.6,15:33,19.8,23:44,",7.8"
108,서울,2017-10-10,21.4,24.8,13:47,18.6,4:15,",6.2"
108,서울,2017-10-11,15.5,21.7,0:01,12.2,23:47,",9.5"
108,서울,2017-10-12,11.4,,,8.8,23:51,","
108,서울,2017-10-13,12.8,18.9,14:20,6.1,6:29,",12.8"
108,서울,2017-10-14,14.4,20.5,13:20,9,6:49,",11.5"
108,서울,2017-10-15,15.8,23,14:48,9,6:25,",14"
108,서울,2017-10-16,16.6,22,14:39,13.6,23:51,",8.4"
108,서울,2017-10-17,16.2,23.9,14:45,9.2,6:34,",14.7"
108,서울,2017-10-18,16.5,19.1,11:47,14.2,0:01,",4.9"
108,서울,2017-10-19,17,23.2,13:28,11.9,7:08,",11.3"
108,서울,2017-10-20,17,24.2,15:08,11.1,6:45,",13.1"
108,서울,2017-10-21,17.6,25.2,14:18,11,7:14,",14.2"
108,서울,2017-10-22,16.3,23.5,12:18,11,6:44,",12.5"
108,서울,2017-10-23,13.7,20.6,14:24,8.6,6:45,",12"
108,서울,2017-10-24,14.4,20.9,13:13,9.9,3:38,",11"
108,서울,2017-10-25,14.4,20.6,14:55,9.5,6:51,",11.1"
108,서울,2017-10-26,14.5,18.1,13:55,10.7,4:44,",7.4"
108,서울,2017-10-27,16.9,24.2,14:54,11.9,7:28,",12.3"
108,서울,2017-10-28,17.2,24.8,13:54,10.6,6:42,",14.2"
108,서울,2017-10-29,11.5,17.2,12:24,6.3,23:50,",10.9"
108,서울,2017-10-30,7.7,13.2,15:34,2.5,7:31,",10.7"
108,서울,2017-10-31,10.4,16,15:24,3.6,6:34,",12.4"
108,서울,2017-11-01,14.4,18.1,14:51,11.5,0:21,",6.6"
108,서울,2017-11-02,15.5,18,12:15,14,1:21,",4"
108,서울,2017-11-03,12.3,16.6,13:58,6.1,23:59,",10.5"
108,서울,2017-11-04,7.8,13.7,13:42,4.5,7:35,",9.2"
108,서울,2017-11-05,8.4,15.4,15:16,2.6,7:19,",12.8"
108,서울,2017-11-06,11.4,16.5,13:57,8,0:01,",8.5"
108,서울,2017-11-07,14.4,18.4,14:38,9.2,0:26,",9.2"
108,서울,2017-11-08,13.1,17.2,13:03,6.9,23:40,",10.3"
108,서울,2017-11-09,9.4,16.8,14:49,3.7,7:43,",13.1"
108,서울,2017-11-10,9.8,15.9,11:56,5.3,23:49,",10.6"
108,서울,2017-11-11,5.9,10.7,15:13,2.7,8:02,",8"
108,서울,2017-11-12,5.3,11.4,15:36,0.3,7:19,",11.1"
108,서울,2017-11-13,8.4,11.8,19:06,3.1,2:29,",8.7"
108,서울,2017-11-14,7.5,11.4,12:33,2.9,23:52,",8.5"
108,서울,2017-11-15,3.2,6.5,11:49,-1.1,23:57,",7.6"
108,서울,2017-11-16,1,6.4,14:41,-3.4,7:26,",9.8"
108,서울,2017-11-17,3,5.8,15:08,-1.6,3:21,",7.4"
108,서울,2017-11-18,-2.1,2.6,0:01,-4.8,23:20,",7.4"
108,서울,2017-11-19,-1.6,3.5,15:05,-6.6,6:42,",10.1"
108,서울,2017-11-20,-0.4,4.2,11:43,-3.9,7:37,",8.1"
108,서울,2017-11-21,1.3,8.1,15:15,-4.2,6:54,",12.3"
108,서울,2017-11-22,4.3,10.8,13:58,0.6,23:37,",10.2"
108,서울,2017-11-23,0.9,4.7,15:23,-2.5,5:45,",7.2"
108,서울,2017-11-24,-0.4,2.9,14:13,-2.5,22:53,",5.4"
108,서울,2017-11-25,3,7.3,21:34,-3.3,3:16,",10.6"
108,서울,2017-11-26,3.3,7.6,14:18,-0.3,23:57,",7.9"
108,서울,2017-11-27,2.5,9.5,15:39,-2.9,7:36,",12.4"
108,서울,2017-11-28,6.4,11.2,13:11,1.3,7:08,",9.9"
108,서울,2017-11-29,3.2,8.1,0:34,-1.8,23:59,",9.9"
108,서울,2017-11-30,-2.4,2.7,14:13,-5.2,23:51,",7.9"
108,서울,2017-12-01,-2.2,3.1,14:02,-7.6,7:35,",10.7"
108,서울,2017-12-02,1.9,8.1,14:40,-4.6,6:29,",12.7"
108,서울,2017-12-03,4.9,8.1,15:13,3.1,6:20,",5"
108,서울,2017-12-04,-1.2,4.5,1:26,-6.1,23:40,",10.6"
108,서울,2017-12-05,-4.2,-0.4,14:22,-8.2,8:08,",7.8"
108,서울,2017-12-06,0.2,6,14:10,-4.5,7:23,",10.5"
108,서울,2017-12-07,0.7,4.6,13:55,-3.5,23:50,",8.1"
108,서울,2017-12-08,-3.8,-0.5,15:32,-7.1,8:06,",6.6"
108,서울,2017-12-09,-0.5,5.4,15:22,-5.6,7:10,",11"
108,서울,2017-12-10,1.1,6.7,14:41,-2.5,23:59,",9.2"
108,서울,2017-12-11,-7,-2.5,0:01,-11,23:30,",8.5"
108,서울,2017-12-12,-9.4,-5.2,14:06,-12.3,7:50,",7.1"
108,서울,2017-12-13,-8.7,-4.4,14:04,-12,6:02,",7.6"
108,서울,2017-12-14,-6.6,-1.9,15:26,-11.2,4:16,",9.3"
108,서울,2017-12-15,-3,0.9,19:46,-7.5,4:45,",8.4"
108,서울,2017-12-16,-5.7,-2.6,0:01,-8.1,23:56,",5.5"
108,서울,2017-12-17,-6.7,-2.3,15:29,-10.8,8:25,",8.5"
108,서울,2017-12-18,-1.6,3.3,19:59,-5.9,0:01,",9.2"
108,서울,2017-12-19,-3.9,-1,0:01,-6.5,23:59,",5.5"
108,서울,2017-12-20,-3.9,-0.1,14:52,-8.5,3:56,",8.4"
108,서울,2017-12-21,-0.9,4.6,15:36,-5.6,7:35,",10.2"
108,서울,2017-12-22,3.4,6.6,15:10,-1.9,0:20,",8.5"
108,서울,2017-12-23,6.1,8.7,14:04,5,4:45,",3.7"
108,서울,2017-12-24,2.9,5.7,0:05,-0.6,24:00:00,",6.3"
108,서울,2017-12-25,-2.1,0.6,15:02,-4.9,7:49,",5.5"
108,서울,2017-12-26,-3.8,-1.1,11:57,-7.9,23:56,",6.8"
108,서울,2017-12-27,-6.9,-2.6,15:17,-10.3,8:26,",7.7"
108,서울,2017-12-28,-2.1,0.8,12:48,-6.8,2:22,",7.6"
108,서울,2017-12-29,2.1,6,14:23,-0.4,23:47,",6.4"
108,서울,2017-12-30,1.4,4.5,14:15,-1.2,3:30,",5.7"
108,서울,2017-12-31,-0.3,3.3,14:26,-3.2,23:56,",6.5"
108,서울,2018-01-01,-1.3,3.8,15:38,-5.1,7:39,",8.9"
108,서울,2018-01-02,-1.8,1.8,13:45,-4.3,23:48,",6.1"
108,서울,2018-01-03,-4.7,-0.4,15:50,-7.1,8:04,",6.7"
108,서울,2018-01-04,-4.7,-0.7,15:19,-8.7,7:51,",8"
108,서울,2018-01-05,-3,1.6,15:30,-5.6,3:06,",7.2"
108,서울,2018-01-06,-2.8,2.9,15:39,-6.8,6:28,",9.7"
108,서울,2018-01-07,-0.8,2.8,15:01,-5.7,5:24,",8.5"
108,서울,2018-01-08,1.3,4,15:07,-1.2,23:52,",5.2"
108,서울,2018-01-09,-4.2,-1.2,0:01,-6.1,8:37,",4.9"
108,서울,2018-01-10,-7.5,-4.8,14:12,-10.3,23:35,",5.5"
108,서울,2018-01-11,-11.1,-7.4,13:58,-13.6,23:44,",6.2"
108,서울,2018-01-12,-10.2,-5.4,15:43,-15.3,8:11,",9.9"
108,서울,2018-01-13,-4.4,-1.2,15:40,-6.6,2:41,",5.4"
108,서울,2018-01-14,0.6,5.4,16:01,-4.4,0:01,",9.8"
108,서울,2018-01-15,4.7,7.7,15:48,1.8,23:59,",5.9"
108,서울,2018-01-16,3.5,6.8,13:24,0.1,2:40,",6.7"
108,서울,2018-01-17,4.5,8.7,12:17,2.4,7:03,",6.3"
108,서울,2018-01-18,2.1,4.5,14:46,0.3,23:49,",4.2"
108,서울,2018-01-19,1,5.5,15:01,-2.5,7:56,",8"
108,서울,2018-01-20,2.2,6.9,15:44,-1,1:37,",7.9"
108,서울,2018-01-21,0.4,5.5,14:04,-3.7,7:57,",9.2"
108,서울,2018-01-22,0.2,4,13:03,-5.3,23:58,",9.3"
108,서울,2018-01-23,-11.7,-5.3,0:01,-14.6,23:52,",9.3"
108,서울,2018-01-24,-14.2,-10.7,14:22,-16.3,7:46,",5.6"
108,서울,2018-01-25,-14,-9.5,15:17,-16.4,7:20,",6.9"
108,서울,2018-01-26,-14.8,-10.7,16:03,-17.8,7:33,",7.1"
108,서울,2018-01-27,-9.9,-3.5,15:50,-15.9,7:38,",12.4"
108,서울,2018-01-28,-6.3,-1.2,14:08,-9.3,23:58,",8.1"
108,서울,2018-01-29,-8.5,-4.7,15:10,-11.6,8:09,",6.9"
108,서울,2018-01-30,-5.3,-0.8,14:19,-11.4,6:31,",10.6"
108,서울,2018-01-31,-2.6,0,16:10,-5.2,23:54,",5.2"
108,서울,2018-02-01,-4,1.2,16:01,-8.8,6:44,",10"
108,서울,2018-02-02,-2.4,3.8,14:40,-7.6,7:23,",11.4"
108,서울,2018-02-03,-7.3,-2.1,0:17,-10.4,23:47,",8.3"
108,서울,2018-02-04,-9.5,-5.2,16:07,-12.8,7:53,",7.6"
108,서울,2018-02-05,-9.4,-5.1,16:09,-11.8,4:04,",6.7"
108,서울,2018-02-06,-10.1,-5.8,15:16,-12.8,7:45,",7"
108,서울,2018-02-07,-8,-1.6,15:47,-13.4,6:50,",11.8"
108,서울,2018-02-08,-4.4,2,15:48,-9.7,7:22,",11.7"
108,서울,2018-02-09,0.4,6.1,15:49,-5.3,2:27,",11.4"
108,서울,2018-02-10,-0.5,3.2,11:31,-6.9,23:27,",10.1"
108,서울,2018-02-11,-6.1,-2.2,13:50,-9.5,7:22,",7.3"
108,서울,2018-02-12,-5.8,-1.8,14:22,-9.6,5:38,",7.8"
108,서울,2018-02-13,-0.8,4.3,15:21,-7.4,7:15,",11.7"
108,서울,2018-02-14,3.5,8.7,14:59,-0.7,23:52,",9.4"
108,서울,2018-02-15,-0.7,4,14:48,-3.7,8:50,",7.7"
108,서울,2018-02-16,-1.1,4.9,14:19,-5.5,7:41,",10.4"
108,서울,2018-02-17,-3,1.4,16:01,-7.1,7:34,",8.5"
108,서울,2018-02-18,-0.4,5.2,14:50,-4.9,7:29,",10.1"
108,서울,2018-02-19,1.8,6.8,15:26,-1.9,3:47,",8.7"
108,서울,2018-02-20,0.9,5.5,14:45,-2.4,6:46,",7.9"
108,서울,2018-02-21,-0.9,4.4,15:03,-4.5,8:14,",8.9"
108,서울,2018-02-22,1.3,5.4,12:12,-3.9,7:25,",9.3"
108,서울,2018-02-23,4.2,8.6,14:31,-0.3,7:30,",8.9"
108,서울,2018-02-24,2.4,7.2,14:46,-1.1,23:59,",8.3"
108,서울,2018-02-25,1.9,7.9,15:15,-1.6,2:13,",9.5"
108,서울,2018-02-26,3.1,10.4,15:16,-3.2,7:14,",13.6"
108,서울,2018-02-27,4.2,6.9,15:54,0.6,4:50,",6.3"
108,서울,2018-02-28,4.6,7.8,12:30,1.8,22:46,",6"
108,서울,2018-03-01,-0.2,3,5:47,-4.3,23:41,",7.3"
108,서울,2018-03-02,-0.7,5.4,16:08,-6.7,6:25,",12.1"
108,서울,2018-03-03,7.9,16.2,15:15,-0.1,7:25,",16.3"
108,서울,2018-03-04,9.8,11.9,16:27,7.6,23:59,",4.3"
108,서울,2018-03-05,5.5,11.4,16:22,1.3,23:53,",10.1"
108,서울,2018-03-06,4.5,10.9,15:46,-1.1,6:25,",12"
108,서울,2018-03-07,6.4,10.7,16:14,2.2,6:50,",8.5"
108,서울,2018-03-08,4.6,9.7,15:58,2.7,22:16,",7"
108,서울,2018-03-09,4.5,9.6,16:00,1.4,7:20,",8.2"
108,서울,2018-03-10,4.6,9.7,14:06,0.7,7:08,",9"
108,서울,2018-03-11,6.4,12.2,15:37,2.7,7:31,",9.5"
108,서울,2018-03-12,8,15.5,14:55,2.2,2:48,",13.3"
108,서울,2018-03-13,12.4,18.8,14:23,5.2,2:24,",13.6"
108,서울,2018-03-14,17,22.1,15:05,13.6,0:01,",8.5"
108,서울,2018-03-15,12.4,16.6,2:47,8.4,23:56,",8.2"
108,서울,2018-03-16,7.1,12.2,15:20,3.6,7:10,",8.6"
108,서울,2018-03-17,6.6,14,15:43,0.5,6:57,",13.5"
108,서울,2018-03-18,8.2,12.5,15:42,5.4,3:01,",7.1"
108,서울,2018-03-19,8,10.4,11:17,6.2,4:19,",4.2"
108,서울,2018-03-20,4.7,9.1,11:58,1.6,23:35,",7.5"
108,서울,2018-03-21,2.1,5.3,11:20,1.1,20:33,",4.2"
108,서울,2018-03-22,4.9,11.6,14:10,0.6,6:37,",11"
108,서울,2018-03-23,6.1,12.5,14:07,1.8,2:39,",10.7"
108,서울,2018-03-24,7.6,13.1,14:16,4,6:40,",9.1"
108,서울,2018-03-25,9.6,16.9,14:47,4.6,5:55,",12.3"
108,서울,2018-03-26,11,18.1,14:53,5.3,2:24,",12.8"
108,서울,2018-03-27,13.3,20,15:49,7.7,4:11,",12.3"
108,서울,2018-03-28,14,19,14:19,9.4,6:12,",9.6"
108,서울,2018-03-29,15.4,21.1,14:51,11.8,23:58,",9.3"
108,서울,2018-03-30,14.8,21.9,14:57,9.8,3:47,",12.1"
108,서울,2018-03-31,14,20.1,13:58,9.3,6:08,",10.8"
108,서울,2018-04-01,15.6,18.5,15:48,11.7,0:45,",6.8"
108,서울,2018-04-02,18.4,23.7,14:59,14.9,5:48,",8.8"
108,서울,2018-04-03,17.8,21.2,14:09,14.9,23:02,",6.3"
108,서울,2018-04-04,13.4,18.2,14:30,9.5,23:56,",8.7"
108,서울,2018-04-05,7.6,9.5,0:01,6.7,7:51,",2.8"
108,서울,2018-04-06,5.8,8.6,10:22,3,24:00:00,",5.6"
108,서울,2018-04-07,4.2,8.6,13:41,1.4,2:24,",7.2"
108,서울,2018-04-08,3.9,7.9,13:53,0.6,6:38,",7.3"
108,서울,2018-04-09,7.9,15.4,16:16,0.1,5:55,",15.3"
108,서울,2018-04-10,15.1,21.9,12:45,6.9,5:11,",15"
108,서울,2018-04-11,12.6,17.3,15:26,8.7,6:48,",8.6"
108,서울,2018-04-12,13.3,19.6,15:35,6.8,5:39,",12.8"
108,서울,2018-04-13,14.6,19.3,12:30,8.3,5:56,",11"
108,서울,2018-04-14,9,14.8,0:01,7.5,8:26,",7.3"
108,서울,2018-04-15,9.5,14.2,14:24,5.6,5:19,",8.6"
108,서울,2018-04-16,11.6,18.8,15:43,4.9,6:23,",13.9"
108,서울,2018-04-17,12.9,20.1,14:24,6.8,6:12,",13.3"
108,서울,2018-04-18,12.4,19.3,14:41,6.2,5:40,",13.1"
108,서울,2018-04-19,14,20.5,13:59,7.4,6:08,",13.1"
108,서울,2018-04-20,18.4,26.3,14:30,11,6:27,",15.3"
108,서울,2018-04-21,18.7,25.6,13:41,12.3,5:59,",13.3"
108,서울,2018-04-22,15.5,21,14:17,10.7,24:00:00,",10.3"
108,서울,2018-04-23,9.3,10.7,0:01,8.4,8:58,",2.3"
108,서울,2018-04-24,12.1,16.1,13:08,8.9,23:57,",7.2"
108,서울,2018-04-25,14.6,23.3,15:52,5.7,5:28,",17.6"
108,서울,2018-04-26,14.9,22.1,14:14,10,5:27,",12.1"
108,서울,2018-04-27,15.7,23.3,15:16,9.7,5:21,",13.6"
108,서울,2018-04-28,15.4,21.7,13:24,10.5,5:54,",11.2"
108,서울,2018-04-29,16.2,22.9,15:08,9.4,6:06,",13.5"
108,서울,2018-04-30,19.2,25,16:07,14.1,1:49,",10.9"
108,서울,2018-05-01,20.4,23.3,13:18,17.8,5:42,",5.5"
108,서울,2018-05-02,15.1,19.7,0:01,8.7,23:55,",11"
108,서울,2018-05-03,11.2,14.7,10:51,6.9,4:44,",7.8"
108,서울,2018-05-04,14.1,20,14:55,8.8,5:42,",11.2"
108,서울,2018-05-05,18.3,24.6,14:33,11.6,2:50,",13"
108,서울,2018-05-06,16.6,20.7,17:42,15,6:28,",5.7"
108,서울,2018-05-07,19.2,25.5,17:00,14,5:49,",11.5"
108,서울,2018-05-08,17.5,22.9,15:34,11.6,23:57,",11.3"
108,서울,2018-05-09,15.7,21.8,16:29,9.2,5:27,",12.6"
108,서울,2018-05-10,15.4,21.4,13:50,11.3,5:32,",10.1"
108,서울,2018-05-11,16.1,21.3,13:37,11.9,2:57,",9.4"
108,서울,2018-05-12,14.2,16.1,0:01,11.8,8:25,",4.3"
108,서울,2018-05-13,15.8,20,15:14,12.7,23:50,",7.3"
108,서울,2018-05-14,18.2,24.5,16:28,11.9,2:35,",12.6"
108,서울,2018-05-15,23.2,29.3,15:19,15.4,5:25,",13.9"
108,서울,2018-05-16,22.3,24.4,0:01,21.8,12:44,",2.6"
108,서울,2018-05-17,20.9,23.5,13:34,18.8,4:34,",4.7"
108,서울,2018-05-18,16.3,19.3,0:01,12.2,23:52,",7.1"
108,서울,2018-05-19,17.6,24.7,16:42,10.3,4:55,",14.4"
108,서울,2018-05-20,17,22.6,17:09,11.5,5:51,",11.1"
108,서울,2018-05-21,17.8,23.7,14:49,11.3,5:43,",12.4"
108,서울,2018-05-22,18.1,23.2,12:09,15.4,2:30,",7.8"
108,서울,2018-05-23,17.3,23.3,15:13,13.6,6:23,",9.7"
108,서울,2018-05-24,18.3,23.7,14:13,11.2,5:10,",12.5"
108,서울,2018-05-25,19.7,26.2,13:47,13.8,5:46,",12.4"
108,서울,2018-05-26,21.8,29.6,14:56,14,5:38,",15.6"
108,서울,2018-05-27,20.3,24.7,14:28,17.3,5:58,",7.4"
108,서울,2018-05-28,22.3,29.1,14:24,16.2,6:00,",12.9"
108,서울,2018-05-29,21.4,25.9,14:13,19.1,23:56,",6.8"
108,서울,2018-05-30,20.2,24.7,15:11,15.8,23:54,",8.9"
108,서울,2018-05-31,20.9,27.6,16:23,14.2,5:45,",13.4"
108,서울,2018-06-01,23.8,30.2,14:48,17.5,5:43,",12.7"
108,서울,2018-06-02,23.4,30.1,14:10,17.6,5:08,",12.5"
108,서울,2018-06-03,24,30.8,14:58,16.9,5:38,",13.9"
108,서울,2018-06-04,22.6,27.5,13:01,18.9,5:45,",8.6"
108,서울,2018-06-05,23.7,29.2,15:03,17.7,5:36,",11.5"
108,서울,2018-06-06,23,27.9,14:31,18.4,5:38,",9.5"
108,서울,2018-06-07,22.2,29.4,16:01,17.8,4:55,",11.6"
108,서울,2018-06-08,21.9,27,17:03,18.5,3:08,",8.5"
108,서울,2018-06-09,23.7,30.1,14:00,18.9,5:03,",11.2"
108,서울,2018-06-10,21.3,24.9,15:02,18.3,3:48,",6.6"
108,서울,2018-06-11,20.2,23.9,13:25,18,23:34,",5.9"
108,서울,2018-06-12,21.3,27.1,15:32,16.6,6:12,",10.5"
108,서울,2018-06-13,22,27,13:47,18.3,2:06,",8.7"
108,서울,2018-06-14,21.6,25.1,15:41,18.8,8:14,",6.3"
108,서울,2018-06-15,21.7,27,15:32,17.2,5:22,",9.8"
108,서울,2018-06-16,22.5,28.7,16:30,16.3,5:33,",12.4"
108,서울,2018-06-17,22.8,27.5,14:35,18.9,5:07,",8.6"
108,서울,2018-06-18,24.8,30.8,15:43,19.9,5:01,",10.9"
108,서울,2018-06-19,22.4,27.2,13:42,19.1,5:21,",8.1"
108,서울,2018-06-20,22.7,28.4,15:20,19.1,3:46,",9.3"
108,서울,2018-06-21,23.7,28.7,16:45,19.4,4:58,",9.3"
108,서울,2018-06-22,25,32,14:51,18.2,5:32,",13.8"
108,서울,2018-06-23,24.5,28.9,15:35,20.9,5:31,",8"
108,서울,2018-06-24,25.2,32.1,14:15,20.1,5:17,",12"
108,서울,2018-06-25,27.1,32.9,15:12,21.3,5:41,",11.6"
108,서울,2018-06-26,22.3,26.9,0:01,20.2,9:30,",6.7"
108,서울,2018-06-27,22.3,25.5,14:49,19.1,4:25,",6.4"
108,서울,2018-06-28,23.3,27.3,12:53,20.6,17:55,",6.7"
108,서울,2018-06-29,24.7,29.1,16:01,21.9,0:01,",7.2"
108,서울,2018-06-30,24.4,27.9,15:01,21.6,4:12,",6.3"
108,서울,2018-07-01,21.9,22.8,2:13,21,12:01,",1.8"
108,서울,2018-07-02,22.6,25.3,16:56,20.6,6:23,",4.7"
108,서울,2018-07-03,27.4,32.6,17:04,22.5,5:10,",10.1"
108,서울,2018-07-04,27.3,31.8,15:33,24,5:35,",7.8"
108,서울,2018-07-05,25.3,29,15:15,23.4,6:20,",5.6"
108,서울,2018-07-06,23.9,27.1,14:02,21.5,23:59,",5.6"
108,서울,2018-07-07,23.7,29.2,16:12,19.5,5:52,",9.7"
108,서울,2018-07-08,23.3,28.1,15:25,17.7,6:26,",10.4"
108,서울,2018-07-09,20.8,24.2,0:01,20.1,14:08,",4.1"
108,서울,2018-07-10,23.7,26.5,16:30,20.4,0:01,",6.1"
108,서울,2018-07-11,26.8,29.5,14:53,24.4,3:47,",5.1"
108,서울,2018-07-12,26.6,28.2,15:13,25.1,23:55,",3.1"
108,서울,2018-07-13,27.3,30.9,17:54,24.7,1:12,",6.2"
108,서울,2018-07-14,27.9,31.9,15:52,24.6,5:29,",7.3"
108,서울,2018-07-15,28.3,33.2,15:19,24.5,4:01,",8.7"
108,서울,2018-07-16,28.7,34,14:29,24,5:57,",10"
108,서울,2018-07-17,28.1,32.1,14:36,23.9,6:05,",8.2"
108,서울,2018-07-18,28.2,33.2,15:17,23.7,5:32,",9.5"
108,서울,2018-07-19,28.7,34.1,16:51,23.2,6:13,",10.9"
108,서울,2018-07-20,29.5,34.7,16:18,24.6,5:46,",10.1"
108,서울,2018-07-21,30.6,36.9,15:48,24.9,5:24,",12"
108,서울,2018-07-22,31.8,38,15:27,25.3,5:36,",12.7"
108,서울,2018-07-23,31.7,35.7,14:50,29.2,4:04,",6.5"
108,서울,2018-07-24,31.4,36.8,13:33,27.2,5:39,",9.6"
108,서울,2018-07-25,30.1,34.1,15:54,27.7,24:00:00,",6.4"
108,서울,2018-07-26,30.1,33.7,15:43,27.3,5:16,",6.4"
108,서울,2018-07-27,30.9,35.4,12:58,27.2,4:56,",8.2"
108,서울,2018-07-28,29.5,35.2,13:40,28,5:18,",7.2"
108,서울,2018-07-29,31.3,36.7,16:36,26.4,5:51,",10.3"
108,서울,2018-07-30,31.7,36.9,16:24,26.2,5:29,",10.7"
108,서울,2018-07-31,32.6,38.3,15:19,27.8,6:04,",10.5"
108,서울,2018-08-01,33.6,39.6,15:36,27.8,5:56,",11.8"
108,서울,2018-08-02,33.7,37.9,15:58,30.3,6:07,",7.6"
108,서울,2018-08-03,33.1,37.9,14:15,30,23:42,",7.9"
108,서울,2018-08-04,31.1,34.9,15:44,28,23:35,",6.9"
108,서울,2018-08-05,30,33.9,13:38,27.2,5:07,",6.7"
108,서울,2018-08-06,30.5,35.3,16:37,28.3,4:58,",7"
108,서울,2018-08-07,30.5,35.9,16:37,26.8,5:38,",9.1"
108,서울,2018-08-08,31,35.3,16:17,27.6,5:55,",7.7"
108,서울,2018-08-09,28.8,32.5,15:28,27.1,23:50,",5.4"
108,서울,2018-08-10,30.7,36.8,16:34,25.7,5:59,",11.1"
108,서울,2018-08-11,31,36,16:11,26.4,6:05,",9.6"
108,서울,2018-08-12,30.6,35.3,13:47,27.2,5:55,",8.1"
108,서울,2018-08-13,30.5,34.4,15:18,26.7,5:31,",7.7"
108,서울,2018-08-14,31.7,37.2,14:56,27.7,6:08,",9.5"
108,서울,2018-08-15,31.7,38,14:17,28.3,6:08,",9.7"
108,서울,2018-08-16,29.9,35.6,13:31,24.1,23:56,",11.5"
108,서울,2018-08-17,27.2,33.8,15:45,21.7,6:02,",12.1"
108,서울,2018-08-18,26.7,32.1,15:09,21.5,6:12,",10.6"
108,서울,2018-08-19,28.2,34.4,14:36,23,6:08,",11.4"
108,서울,2018-08-20,29.1,33.3,14:30,25.1,6:16,",8.2"
108,서울,2018-08-21,26.6,31,16:47,23.4,6:43,",7.6"
108,서울,2018-08-22,30.7,37.6,16:08,23.4,4:53,",14.2"
108,서울,2018-08-23,29.4,32.2,15:07,25.7,23:48,",6.5"
108,서울,2018-08-24,24.4,26.3,11:01,23.2,23:40,",3.1"
108,서울,2018-08-25,25.2,29.3,14:01,22.7,23:55,",6.6"
108,서울,2018-08-26,23.2,29,11:36,20.3,6:13,",8.7"
108,서울,2018-08-27,22.7,24.9,16:37,20.2,1:35,",4.7"
108,서울,2018-08-28,23.7,26.1,10:29,22.5,4:42,",3.6"
108,서울,2018-08-29,25.2,27.4,11:47,22.7,0:01,",4.7"
108,서울,2018-08-30,25.3,28.2,12:59,23.9,3:17,",4.3"
108,서울,2018-08-31,25.6,30.3,14:57,22.8,7:19,",7.5"
108,서울,2018-09-01,25.5,30.9,15:28,20.8,6:15,",10.1"
108,서울,2018-09-02,25.1,29.6,15:14,20.1,6:03,",9.5"
108,서울,2018-09-03,23.3,25.8,15:21,21.4,23:42,",4.4"
108,서울,2018-09-04,23.2,27.8,16:26,20,5:40,",7.8"
108,서울,2018-09-05,24,28.5,14:36,19.6,6:16,",8.9"
108,서울,2018-09-06,24.1,28.2,13:53,20.9,6:35,",7.3"
108,서울,2018-09-07,22,25.5,13:37,19.1,23:30,",6.4"
108,서울,2018-09-08,21.7,27.7,15:43,15.9,6:53,",11.8"
108,서울,2018-09-09,22.2,28.9,14:50,15.6,6:20,",13.3"
108,서울,2018-09-10,22.9,28.4,15:19,18.6,6:16,",9.8"
108,서울,2018-09-11,21.6,26.1,14:45,16.8,6:18,",9.3"
108,서울,2018-09-12,22.8,28.2,15:51,16.8,6:21,",11.4"
108,서울,2018-09-13,23.5,28.3,15:24,20.3,5:47,",8"
108,서울,2018-09-14,23.5,26.8,13:10,20.3,6:22,",6.5"
108,서울,2018-09-15,23.3,26,12:33,21,5:59,",5"
108,서울,2018-09-16,22.2,23.9,12:12,21,19:36,",2.9"
108,서울,2018-09-17,22.3,27.7,15:05,18.5,6:30,",9.2"
108,서울,2018-09-18,22,26.5,15:51,17.7,5:36,",8.8"
108,서울,2018-09-19,22.1,26.6,13:05,18.9,6:14,",7.7"
108,서울,2018-09-20,19,20.1,0:01,17.8,7:19,",2.3"
108,서울,2018-09-21,19.4,21.9,14:50,17.6,5:37,",4.3"
108,서울,2018-09-22,20.8,25.5,14:27,17.2,23:57,",8.3"
108,서울,2018-09-23,19.4,25.3,15:15,15.6,2:34,",9.7"
108,서울,2018-09-24,17.6,22.1,14:48,14.2,5:16,",7.9"
108,서울,2018-09-25,17.8,24.3,15:19,10.8,6:45,",13.5"
108,서울,2018-09-26,19.4,24.8,14:41,16.2,5:22,",8.6"
108,서울,2018-09-27,18.9,25,14:16,13.2,6:26,",11.8"
108,서울,2018-09-28,17.5,22.2,16:08,14.3,6:08,",7.9"
108,서울,2018-09-29,20.2,27,15:20,14.6,5:53,",12.4"
108,서울,2018-09-30,17.6,21.6,14:53,14,23:12,",7.6"
108,서울,2018-10-01,15.4,19.7,14:18,13,24:00:00,",6.7"
108,서울,2018-10-02,15.9,22,16:22,10.3,6:53,",11.7"
108,서울,2018-10-03,17.3,24.2,15:26,11.2,6:43,",13"
108,서울,2018-10-04,19.3,25.6,15:10,13,5:21,",12.6"
108,서울,2018-10-05,16.9,19,0:01,15.7,10:13,",3.3"
108,서울,2018-10-06,18,21.7,15:51,16.3,24:00:00,",5.4"
108,서울,2018-10-07,16.4,21.1,15:24,12.3,23:55,",8.8"
108,서울,2018-10-08,14.8,20.9,14:37,9.2,6:41,",11.7"
108,서울,2018-10-09,15.3,19.8,12:30,10.7,4:49,",9.1"
108,서울,2018-10-10,12,16.7,0:13,7.9,23:48,",8.8"
108,서울,2018-10-11,9.7,13.9,13:31,6.1,7:10,",7.8"
108,서울,2018-10-12,10.9,17.4,15:08,5.2,7:07,",12.2"
108,서울,2018-10-13,12.5,19.8,15:00,6.1,7:07,",13.7"
108,서울,2018-10-14,13.2,20.3,14:57,6.8,6:38,",13.5"
108,서울,2018-10-15,15.2,21,15:30,10.9,3:46,",10.1"
108,서울,2018-10-16,14.5,20.3,14:17,9.9,5:54,",10.4"
108,서울,2018-10-17,12.4,18.6,14:27,8.4,6:49,",10.2"
108,서울,2018-10-18,12.7,19,14:56,7.5,5:41,",11.5"
108,서울,2018-10-19,13.1,20.4,14:09,7.2,5:50,",13.2"
108,서울,2018-10-20,13.4,21.4,14:52,6.9,6:59,",14.5"
108,서울,2018-10-21,13.4,21.1,15:12,7.2,6:37,",13.9"
108,서울,2018-10-22,14,20.6,14:00,8.8,6:47,",11.8"
108,서울,2018-10-23,12.2,16.9,15:24,9.8,5:21,",7.1"
108,서울,2018-10-24,12.5,18.7,15:20,7.6,7:26,",11.1"
108,서울,2018-10-25,13.8,21.2,14:51,7,6:41,",14.2"
108,서울,2018-10-26,12.2,14.7,15:36,9.9,23:37,",4.8"
108,서울,2018-10-27,8.7,11.6,14:59,6.2,22:49,",5.4"
108,서울,2018-10-28,8.3,13.5,14:35,5.2,23:54,",8.3"
108,서울,2018-10-29,7.2,11.7,13:56,3.4,23:58,",8.3"
108,서울,2018-10-30,6.1,11.6,15:16,0.7,5:32,",10.9"
108,서울,2018-10-31,7.4,12.6,15:22,3,7:19,",9.6"
108,서울,2018-11-01,8.4,15.2,15:16,2.5,6:48,",12.7"
108,서울,2018-11-02,10.6,19,15:49,4,6:34,",15"
108,서울,2018-11-03,11.2,19.1,15:20,5,7:12,",14.1"
108,서울,2018-11-04,11.6,19.4,14:32,5.3,7:27,",14.1"
108,서울,2018-11-05,11.9,18.3,14:12,6.6,7:07,",11.7"
108,서울,2018-11-06,12.2,17.5,13:59,8,6:59,",9.5"
108,서울,2018-11-07,12.8,15.7,14:03,10.3,5:50,",5.4"
108,서울,2018-11-08,11.8,14.7,20:17,10.5,5:20,",4.2"
108,서울,2018-11-09,12.1,15.4,14:34,9.5,7:26,",5.9"
108,서울,2018-11-10,11.9,17.1,13:58,8.8,5:39,",8.3"
108,서울,2018-11-11,8.1,10.9,11:26,5.4,23:53,",5.5"
108,서울,2018-11-12,8.1,15.1,14:37,3.1,7:19,",12"
108,서울,2018-11-13,8.8,15.4,14:24,4.1,6:05,",11.3"
108,서울,2018-11-14,9.8,16.6,15:15,4.8,7:23,",11.8"
108,서울,2018-11-15,9.7,16.2,15:19,4.7,6:32,",11.5"
108,서울,2018-11-16,8.8,14.5,13:03,4.2,24:00:00,",10.3"
108,서울,2018-11-17,4.9,11.4,12:32,0.6,7:46,",10.8"
108,서울,2018-11-18,6.1,10.7,13:48,1.9,5:45,",8.8"
108,서울,2018-11-19,6.5,11.3,14:36,3.3,7:18,",8"
108,서울,2018-11-20,6.5,12.7,13:45,0,7:31,",12.7"
108,서울,2018-11-21,5.8,8.2,12:48,3.1,23:57,",5.1"
108,서울,2018-11-22,2.3,7.1,13:35,-1.3,7:36,",8.4"
108,서울,2018-11-23,1.9,7.6,13:14,-3.1,7:48,",10.7"
108,서울,2018-11-24,2.6,3.8,14:56,0.3,8:08,",3.5"
108,서울,2018-11-25,4.8,9.8,15:32,1.3,7:00,",8.5"
108,서울,2018-11-26,6.3,13.6,15:11,1.6,7:04,",12"
108,서울,2018-11-27,7.1,12.5,14:49,3.1,3:50,",9.4"
108,서울,2018-11-28,5,11.1,14:11,2.1,7:54,",9"
108,서울,2018-11-29,3.5,6.7,14:43,0.6,7:37,",6.1"
108,서울,2018-11-30,2.7,8,13:14,-1.5,7:40,",9.5"
108,서울,2018-12-01,5.5,12.4,15:24,0.8,4:05,",11.6"
108,서울,2018-12-02,8.2,11.8,15:32,2.8,3:02,",9"
108,서울,2018-12-03,11.5,13.5,18:22,9.3,6:43,",4.2"
108,서울,2018-12-04,6.7,11.8,0:02,-0.3,24:00:00,",12.1"
108,서울,2018-12-05,0,3.4,14:16,-4.3,7:26,",7.7"
108,서울,2018-12-06,2.4,6.8,13:02,-1,23:56,",7.8"
108,서울,2018-12-07,-7.3,-1.1,0:01,-9.6,23:53,",8.5"
108,서울,2018-12-08,-8.3,-4.4,15:04,-11.4,7:25,",7"
108,서울,2018-12-09,-7.2,-2.1,15:38,-11.8,7:35,",9.7"
108,서울,2018-12-10,-2.5,4.6,15:21,-8.1,6:39,",12.7"
108,서울,2018-12-11,0.2,2.9,13:44,-2.4,0:10,",5.3"
108,서울,2018-12-12,-1.9,2.4,14:26,-5,7:27,",7.4"
108,서울,2018-12-13,-2.2,2.1,14:24,-5.9,23:58,",8"
108,서울,2018-12-14,-4.4,0.6,14:42,-7.8,8:20,",8.4"
108,서울,2018-12-15,-2.4,3.2,14:44,-7.8,7:34,",11"
108,서울,2018-12-16,0,2.1,15:31,-2.6,1:58,",4.7"
108,서울,2018-12-17,1.6,5.9,14:39,-1.5,23:59,",7.4"
108,서울,2018-12-18,2.6,7.4,14:05,-2.8,7:20,",10.2"
108,서울,2018-12-19,4,9.5,14:56,1.3,6:18,",8.2"
108,서울,2018-12-20,3.4,10.4,15:21,-1.1,7:00,",11.5"
108,서울,2018-12-21,5.6,9.8,15:55,0.4,1:53,",9.4"
108,서울,2018-12-22,6.9,12.4,15:04,2.9,8:35,",9.5"
108,서울,2018-12-23,2.4,7.5,13:45,-3.4,23:55,",10.9"
108,서울,2018-12-24,-2.3,3.1,13:59,-5.9,8:09,",9"
108,서울,2018-12-25,0.6,5.2,14:07,-4,1:05,",9.2"
108,서울,2018-12-26,-1.5,3,0:40,-7.1,23:59,",10.1"
108,서울,2018-12-27,-10.1,-6.5,14:28,-12.5,23:52,",6"
108,서울,2018-12-28,-10.5,-6.6,15:45,-14.4,7:24,",7.8"
108,서울,2018-12-29,-7.6,-3,15:25,-10.5,6:47,",7.5"
108,서울,2018-12-30,-6.8,-0.9,14:49,-11.3,5:33,",10.4"
108,서울,2018-12-31,-5.4,-0.5,14:53,-10.5,7:30,",10"
108,서울,2019-01-01,-5,-0.6,15:25,-8.2,6:31,",7.6"
108,서울,2019-01-02,-4.9,0.2,14:58,-8.8,8:02,",9"
108,서울,2019-01-03,-3.5,3.2,14:36,-8.4,7:26,",11.6"
108,서울,2019-01-04,-1.1,4.1,15:04,-6.2,7:57,",10.3"
108,서울,2019-01-05,-2.8,1.1,15:21,-5.5,23:58,",6.6"
108,서울,2019-01-06,-2.8,2.7,15:12,-6.3,1:54,",9"
108,서울,2019-01-07,-1.9,3.1,14:36,-6.2,6:58,",9.3"
108,서울,2019-01-08,-3.5,0.5,15:07,-7.2,22:38,",7.7"
108,서울,2019-01-09,-4.7,1.3,15:25,-9.4,6:30,",10.7"
108,서울,2019-01-10,-0.6,3,12:22,-4.5,6:19,",7.5"
108,서울,2019-01-11,2.4,7.2,14:13,-0.4,8:02,",7.6"
108,서울,2019-01-12,2.8,8,14:37,-0.6,23:59,",8.6"
108,서울,2019-01-13,1.2,7.6,14:19,-3,6:05,",10.6"
108,서울,2019-01-14,1.4,5.3,14:52,-2.4,7:19,",7.7"
108,서울,2019-01-15,-1.7,2.6,14:56,-7.2,23:45,",9.8"
108,서울,2019-01-16,-5.2,-1.1,15:42,-10.1,7:24,",9"
108,서울,2019-01-17,-0.3,4,15:59,-3.2,7:31,",7.2"
108,서울,2019-01-18,0.6,6.7,14:41,-4.6,7:37,",11.3"
108,서울,2019-01-19,3.6,8.5,14:42,0,3:27,",8.5"
108,서울,2019-01-20,-1.4,4,0:01,-5.5,23:27,",9.5"
108,서울,2019-01-21,-1.2,4.2,16:12,-6.7,3:26,",10.9"
108,서울,2019-01-22,1.7,7.1,13:27,-3.3,7:06,",10.4"
108,서울,2019-01-23,2,7,15:57,-0.8,7:12,",7.8"
108,서울,2019-01-24,0.1,6.5,14:46,-4.6,8:06,",11.1"
108,서울,2019-01-25,-1.2,2.6,14:33,-3.8,8:25,",6.4"
108,서울,2019-01-26,-2.5,2.4,15:44,-6.5,8:16,",8.9"
108,서울,2019-01-27,-0.1,5.1,14:48,-6.6,7:49,",11.7"
108,서울,2019-01-28,1.2,4.5,15:23,-2.4,23:57,",6.9"
108,서울,2019-01-29,-0.2,7,15:08,-5.6,7:37,",12.6"
108,서울,2019-01-30,1.8,6.6,14:14,-2.8,7:46,",9.4"
108,서울,2019-01-31,-2,2.3,0:01,-6.2,23:55,",8.5"
108,서울,2019-02-01,-2.1,2.8,13:20,-7.4,3:33,",10.2"
108,서울,2019-02-02,1.4,6.1,16:43,-3.2,4:34,",9.3"
108,서울,2019-02-03,3.3,4.9,14:35,2,3:52,",2.9"
108,서울,2019-02-04,-0.6,3,15:33,-3.3,8:06,",6.3"
108,서울,2019-02-05,2.8,10.1,15:00,-3.6,4:58,",13.7"
108,서울,2019-02-06,5.1,9.3,13:54,0.1,7:15,",9.2"
108,서울,2019-02-07,-2.1,6.3,0:01,-8.2,23:39,",14.5"
108,서울,2019-02-08,-6.1,-1.3,13:54,-10.2,7:41,",8.9"
108,서울,2019-02-09,-5.4,-1.9,15:34,-8.6,7:42,",6.7"
108,서울,2019-02-10,-5,-1.9,15:06,-9.1,6:34,",7.2"
108,서울,2019-02-11,-3,2,16:22,-7.5,6:41,",9.5"
108,서울,2019-02-12,-0.6,3.7,14:32,-4.1,1:17,",7.8"
108,서울,2019-02-13,-2.1,2.5,15:59,-5.7,7:10,",8.2"
108,서울,2019-02-14,-0.5,6.3,16:00,-5.9,7:43,",12.2"
108,서울,2019-02-15,-0.8,0.9,18:34,-2.9,7:10,",3.8"
108,서울,2019-02-16,-2.7,1.5,15:58,-5.1,8:08,",6.6"
108,서울,2019-02-17,-1.8,4.6,16:03,-6.8,7:34,",11.4"
108,서울,2019-02-18,0.9,5.9,13:50,-4.7,6:18,",10.6"
108,서울,2019-02-19,1.4,3,17:10,0.2,5:10,",2.8"
108,서울,2019-02-20,1.7,4.5,16:47,-0.1,23:59,",4.6"
108,서울,2019-02-21,2.4,9,15:40,-2.6,7:03,",11.6"
108,서울,2019-02-22,4,10.8,16:03,-1.6,6:06,",12.4"
108,서울,2019-02-23,6.8,14.5,15:22,0.5,6:40,",14"
108,서울,2019-02-24,6.3,13.7,15:00,1.2,6:48,",12.5"
108,서울,2019-02-25,4.7,10.2,15:40,1.3,7:25,",8.9"
108,서울,2019-02-26,5.2,12,15:14,-1.5,6:56,",13.5"
108,서울,2019-02-27,7.8,14,14:00,4.7,7:54,",9.3"
108,서울,2019-02-28,6.6,12.8,14:46,2,6:53,",10.8"
108,서울,2019-03-01,6.6,13,14:51,1.2,7:25,",11.8"
108,서울,2019-03-02,7.8,14.7,15:03,1.3,7:35,",13.4"
108,서울,2019-03-03,9.4,16.1,14:17,2.5,7:31,",13.6"
108,서울,2019-03-04,9.9,16.3,14:52,5,7:10,",11.3"
108,서울,2019-03-05,8.4,12.9,13:50,5.6,2:32,",7.3"
108,서울,2019-03-06,8.4,12.4,15:55,5.7,7:27,",6.7"
108,서울,2019-03-07,7,12.7,14:55,3.1,6:25,",9.6"
108,서울,2019-03-08,6.1,13.4,14:38,0.6,7:12,",12.8"
108,서울,2019-03-09,7.2,14.9,15:22,-0.4,7:12,",15.3"
108,서울,2019-03-10,10.1,15.3,15:14,6.7,7:25,",8.6"
108,서울,2019-03-11,6.6,10,15:13,3.5,7:10,",6.5"
108,서울,2019-03-12,3.9,7.9,13:14,-0.3,23:54,",8.2"
108,서울,2019-03-13,3.5,8.5,14:56,-0.4,2:39,",8.9"
108,서울,2019-03-14,5,10,13:07,-1.7,5:17,",11.7"
108,서울,2019-03-15,5.5,11.3,15:08,1.6,23:57,",9.7"
108,서울,2019-03-16,4.3,9.2,13:26,0.2,5:46,",9"
108,서울,2019-03-17,6.3,12.4,16:17,2.6,5:03,",9.8"
108,서울,2019-03-18,7.1,14.4,14:40,1.4,6:58,",13"
108,서울,2019-03-19,10,16.7,14:56,3.4,6:54,",13.3"
108,서울,2019-03-20,10.3,14.6,14:15,7.1,5:55,",7.5"
108,서울,2019-03-21,7.1,11.1,13:04,1.9,23:55,",9.2"
108,서울,2019-03-22,3.3,8.3,15:48,-0.7,6:13,",9"
108,서울,2019-03-23,3.3,8.2,15:37,-0.4,5:49,",8.6"
108,서울,2019-03-24,4.3,9.7,14:23,-0.8,6:56,",10.5"
108,서울,2019-03-25,7.3,11.5,16:36,2.9,2:56,",8.6"
108,서울,2019-03-26,11.4,17.6,16:02,7.4,4:24,",10.2"
108,서울,2019-03-27,11.6,16.2,12:40,8.9,0:18,",7.3"
108,서울,2019-03-28,9.4,14.6,15:23,5.6,6:48,",9"
108,서울,2019-03-29,9.2,15.1,14:06,5.5,6:02,",9.6"
108,서울,2019-03-30,5.2,8.4,14:26,3.5,20:17,",4.9"
108,서울,2019-03-31,4.4,8.4,15:37,2.6,23:56,",5.8"
108,서울,2019-04-01,5.5,11.3,14:56,0.3,5:55,",11"
108,서울,2019-04-02,6.7,13,16:11,1.3,5:38,",11.7"
108,서울,2019-04-03,7.6,13.6,14:46,1.9,6:04,",11.7"
108,서울,2019-04-04,9.2,15.7,15:11,3,5:35,",12.7"
108,서울,2019-04-05,11.4,17.2,15:21,7,3:05,",10.2"
108,서울,2019-04-06,9.3,12.2,12:34,5.9,5:41,",6.3"
108,서울,2019-04-07,12.6,20.3,15:05,5.6,6:50,",14.7"
108,서울,2019-04-08,11.6,17.2,16:11,7.6,6:40,",9.6"
108,서울,2019-04-09,9.2,13.9,14:25,4.7,22:33,",9.2"
108,서울,2019-04-10,7.1,10.2,18:13,4.7,0:17,",5.5"
108,서울,2019-04-11,9.5,15.7,13:20,4.3,5:29,",11.4"
108,서울,2019-04-12,11.4,18.4,14:26,5.5,6:27,",12.9"
108,서울,2019-04-13,11.8,17.9,15:09,6.2,5:51,",11.7"
108,서울,2019-04-14,9.6,13.6,15:57,6.9,23:47,",6.7"
108,서울,2019-04-15,11.6,18.1,14:08,3.9,6:03,",14.2"
108,서울,2019-04-16,14.9,22.6,14:18,6.8,6:30,",15.8"
108,서울,2019-04-17,15.3,21.8,12:22,9.1,5:43,",12.7"
108,서울,2019-04-18,12.6,16.2,13:15,10.4,23:58,",5.8"
108,서울,2019-04-19,13.8,19.7,16:11,9.6,3:21,",10.1"
108,서울,2019-04-20,14.3,19.1,15:03,9.7,4:19,",9.4"
108,서울,2019-04-21,14.8,20.2,16:10,12.2,4:28,",8"
108,서울,2019-04-22,19.3,28.2,16:11,10.7,5:37,",17.5"
108,서울,2019-04-23,20.4,25.5,14:22,15.3,5:57,",10.2"
108,서울,2019-04-24,19.5,25.9,15:31,15.8,5:58,",10.1"
108,서울,2019-04-25,13.2,17.2,4:19,9.4,23:55,",7.8"
108,서울,2019-04-26,8.4,9.9,13:12,6.2,23:45,",3.7"
108,서울,2019-04-27,11.6,18.2,15:11,4.1,5:14,",14.1"
108,서울,2019-04-28,12.9,16.6,14:48,9.9,23:52,",6.7"
108,서울,2019-04-29,13,17.3,17:42,8.3,5:52,",9"
108,서울,2019-04-30,15.5,22.5,15:38,9,5:47,",13.5"
108,서울,2019-05-01,16.4,22.2,14:09,11.2,6:03,",11"
108,서울,2019-05-02,17.1,25.3,14:54,10.6,5:55,",14.7"
108,서울,2019-05-03,17.9,26.1,14:13,10.1,5:50,",16"
108,서울,2019-05-04,19.5,27.4,14:56,12,6:01,",15.4"
108,서울,2019-05-05,19.2,26.5,13:06,13.6,6:03,",12.9"
108,서울,2019-05-06,14.5,19.8,15:54,9.8,6:01,",10"
108,서울,2019-05-07,15,21.9,14:34,8.4,6:02,",13.5"
108,서울,2019-05-08,15.6,21.3,15:36,10.1,5:37,",11.2"
108,서울,2019-05-09,16.6,22.9,15:27,11.7,5:32,",11.2"
108,서울,2019-05-10,17.8,26.8,15:18,10.3,5:43,",16.5"
108,서울,2019-05-11,20.3,28.3,14:30,13.2,5:45,",15.1"
108,서울,2019-05-12,21.6,28.9,15:24,14.7,5:06,",14.2"
108,서울,2019-05-13,18.7,22.8,12:44,15.5,23:32,",7.3"
108,서울,2019-05-14,19.6,26.9,14:29,12.9,5:17,",14"
108,서울,2019-05-15,20.7,28,15:42,14.8,5:29,",13.2"
108,서울,2019-05-16,23.5,30,14:50,16.7,5:39,",13.3"
108,서울,2019-05-17,23.6,28.3,15:28,17.6,5:43,",10.7"
108,서울,2019-05-18,22.8,25.9,16:31,19.1,6:07,",6.8"
108,서울,2019-05-19,19.4,21.6,0:01,17.9,5:42,",3.7"
108,서울,2019-05-20,16.4,20.2,0:43,13,23:52,",7.2"
108,서울,2019-05-21,17.2,23.8,14:49,11.7,5:07,",12.1"
108,서울,2019-05-22,19.5,26.5,15:39,12.3,5:59,",14.2"
108,서울,2019-05-23,22.1,29.2,16:07,15,5:43,",14.2"
108,서울,2019-05-24,24.2,33.4,16:22,16.2,5:20,",17.2"
108,서울,2019-05-25,23.4,28.6,15:38,18.4,6:04,",10.2"
108,서울,2019-05-26,24.5,31.1,13:42,18.6,6:13,",12.5"
108,서울,2019-05-27,17.8,22.3,2:21,14.3,23:56,",8"
108,서울,2019-05-28,18.1,24.6,14:44,11.9,5:15,",12.7"
108,서울,2019-05-29,20.3,26.5,14:59,13.3,5:17,",13.2"
108,서울,2019-05-30,19.6,24.5,11:23,14.6,5:11,",9.9"
108,서울,2019-05-31,19.1,23.3,14:48,16.1,23:55,",7.2"
108,서울,2019-06-01,18.9,23.7,17:14,14.8,3:21,",8.9"
108,서울,2019-06-02,21.1,27.8,14:38,14.1,5:24,",13.7"
108,서울,2019-06-03,23.1,29.5,16:33,16,5:45,",13.5"
108,서울,2019-06-04,22.6,29,14:14,17.6,5:17,",11.4"
108,서울,2019-06-05,23,29.6,14:06,17.8,2:36,",11.8"
108,서울,2019-06-06,21.2,25.1,13:36,18.6,3:45,",6.5"
108,서울,2019-06-07,20,24.7,17:42,17,5:15,",7.7"
108,서울,2019-06-08,21.9,27.6,14:34,16,5:04,",11.6"
108,서울,2019-06-09,21.6,26.5,13:02,17.1,23:24,",9.4"
108,서울,2019-06-10,18.4,21.9,16:39,15.7,3:59,",6.2"
108,서울,2019-06-11,20.5,26.1,16:04,15.5,5:53,",10.6"
108,서울,2019-06-12,21.5,26.4,14:04,16.1,5:38,",10.3"
108,서울,2019-06-13,23,28.8,15:49,16.6,5:34,",12.2"
108,서울,2019-06-14,23,28.4,15:06,19.1,5:28,",9.3"
108,서울,2019-06-15,21.9,27.4,16:13,17.9,23:59,",9.5"
108,서울,2019-06-16,22,27.2,16:19,16.1,5:26,",11.1"
108,서울,2019-06-17,21.7,26.2,15:15,18.1,6:14,",8.1"
108,서울,2019-06-18,20.8,24.8,13:45,17,7:22,",7.8"
108,서울,2019-06-19,21.4,25.4,14:17,18.9,4:28,",6.5"
108,서울,2019-06-20,22.7,27.8,16:02,19.8,5:25,",8"
108,서울,2019-06-21,22.1,26.1,15:03,19.4,2:20,",6.7"
108,서울,2019-06-22,24.2,30.6,15:23,17.7,5:01,",12.9"
108,서울,2019-06-23,25,31,16:03,19.1,5:54,",11.9"
108,서울,2019-06-24,25.2,30.9,14:40,20.9,5:48,",10"
108,서울,2019-06-25,25.6,32.8,15:32,19.5,5:17,",13.3"
108,서울,2019-06-26,25.5,29.5,15:33,20.7,5:31,",8.8"
108,서울,2019-06-27,25.5,31.2,14:10,21.9,5:25,",9.3"
108,서울,2019-06-28,24.7,29,15:46,22.3,23:57,",6.7"
108,서울,2019-06-29,23.1,27.7,16:39,19.6,7:26,",8.1"
108,서울,2019-06-30,23.9,28.5,12:48,20.9,5:25,",7.6"
108,서울,2019-07-01,23.9,28.9,15:51,20.6,4:17,",8.3"
108,서울,2019-07-02,24.4,30.1,14:28,20.8,5:41,",9.3"
108,서울,2019-07-03,24.1,27.4,11:40,21.2,4:35,",6.2"
108,서울,2019-07-04,25.4,32.8,14:26,20,5:35,",12.8"
108,서울,2019-07-05,27.6,35,15:26,20.2,4:48,",14.8"
108,서울,2019-07-06,29.7,36.1,15:35,24.6,5:46,",11.5"
108,서울,2019-07-07,26.7,32.5,15:20,22.7,23:50,",9.8"
108,서울,2019-07-08,25.1,31,14:59,21.2,5:02,",9.8"
108,서울,2019-07-09,25,30,13:26,19.7,5:30,",10.3"
108,서울,2019-07-10,22.7,27.3,11:47,19.3,22:16,",8"
108,서울,2019-07-11,21.9,25.9,13:20,19.5,0:01,",6.4"
108,서울,2019-07-12,23.6,28.7,15:24,20,3:53,",8.7"
108,서울,2019-07-13,24.9,29.7,15:14,22.1,5:22,",7.6"
108,서울,2019-07-14,25.9,31.6,13:56,21.2,4:55,",10.4"
108,서울,2019-07-15,23.8,27.4,11:52,22.1,20:01,",5.3"
108,서울,2019-07-16,24.7,28.8,16:44,21.4,4:02,",7.4"
108,서울,2019-07-17,25.6,29.2,15:46,22.3,5:55,",6.9"
108,서울,2019-07-18,26.9,32.1,15:15,23.3,5:05,",8.8"
108,서울,2019-07-19,28.6,35,14:50,22.8,5:46,",12.2"
108,서울,2019-07-20,28,31.9,15:27,25.1,8:46,",6.8"
108,서울,2019-07-21,25.1,27,0:03,24.2,5:46,",2.8"
108,서울,2019-07-22,26.7,31,17:09,24.2,3:55,",6.8"
108,서울,2019-07-23,28.1,32.9,16:13,24.4,1:58,",8.5"
108,서울,2019-07-24,26.5,27.2,0:02,25.2,8:51,",2"
108,서울,2019-07-25,26.3,27.4,14:25,25.6,5:52,",1.8"
108,서울,2019-07-26,25.1,25.9,0:01,23.7,9:27,",2.2"
108,서울,2019-07-27,28.4,33.4,15:23,24.9,4:42,",8.5"
108,서울,2019-07-28,26.1,28.2,0:01,25,11:28,",3.2"
108,서울,2019-07-29,27.5,30,15:52,25.6,5:39,",4.4"
108,서울,2019-07-30,28.1,30.8,13:32,26.3,7:21,",4.5"
108,서울,2019-07-31,25.8,27.5,0:02,24,9:50,",3.5"
108,서울,2019-08-01,26.3,30.1,16:26,23.5,9:06,",6.6"
108,서울,2019-08-02,28.4,33.1,17:15,24.7,4:32,",8.4"
108,서울,2019-08-03,29.4,36,14:11,25.6,5:36,",10.4"
108,서울,2019-08-04,28.3,34.4,14:42,25,5:44,",9.4"
108,서울,2019-08-05,30.5,35.9,15:30,25.6,5:28,",10.3"
108,서울,2019-08-06,31.6,36.8,14:50,27.9,5:39,",8.9"
108,서울,2019-08-07,26.9,30.3,18:01,23.9,7:56,",6.4"
108,서울,2019-08-08,28.9,32.7,15:04,25.9,6:02,",6.8"
108,서울,2019-08-09,29.8,34.6,17:04,26,6:01,",8.6"
108,서울,2019-08-10,31.5,36.5,14:50,26.6,5:45,",9.9"
108,서울,2019-08-11,30.4,35.7,15:46,26.3,6:00,",9.4"
108,서울,2019-08-12,26.6,28.5,16:38,24.8,1:27,",3.7"
108,서울,2019-08-13,29.2,35.3,16:04,25.1,6:58,",10.2"
108,서울,2019-08-14,30.4,35.7,13:45,25.9,5:49,",9.8"
108,서울,2019-08-15,25.9,28.6,0:01,23.9,23:34,",4.7"
108,서울,2019-08-16,25.9,29.5,14:14,23,5:26,",6.5"
108,서울,2019-08-17,25.9,28.8,15:39,23.4,23:57,",5.4"
108,서울,2019-08-18,25.6,30.7,15:58,22.6,5:49,",8.1"
108,서울,2019-08-19,26.3,31.3,15:32,21.2,5:52,",10.1"
108,서울,2019-08-20,28.2,32.8,14:50,23.2,5:55,",9.6"
108,서울,2019-08-21,27,30.4,11:59,24.4,6:33,",6"
108,서울,2019-08-22,26.9,31.4,13:55,23,4:44,",8.4"
108,서울,2019-08-23,26.2,30.5,14:33,22.7,6:28,",7.8"
108,서울,2019-08-24,24.1,27.3,15:04,21.5,4:33,",5.8"
108,서울,2019-08-25,25,29.9,14:45,20.2,5:43,",9.7"
108,서울,2019-08-26,26.4,32.1,15:37,21.5,6:19,",10.6"
108,서울,2019-08-27,25.7,29.3,16:43,22.2,6:22,",7.1"
108,서울,2019-08-28,26.1,30.2,15:09,23.6,6:21,",6.6"
108,서울,2019-08-29,23.4,26.4,16:35,20.1,11:13,",6.3"
108,서울,2019-08-30,22.6,27,14:27,19.5,5:28,",7.5"
108,서울,2019-08-31,23.5,28.9,16:17,18.5,6:14,",10.4"
108,서울,2019-09-01,23.7,27.8,15:38,19.2,6:02,",8.6"
108,서울,2019-09-02,24.4,29.7,14:32,19.4,6:42,",10.3"
108,서울,2019-09-03,24.1,28,15:04,22,6:32,",6"
108,서울,2019-09-04,22.8,25.5,16:09,21.2,8:21,",4.3"
108,서울,2019-09-05,23,27.6,12:21,21.5,17:00,",6.1"
108,서울,2019-09-06,25.3,29.1,13:58,21.6,0:01,",7.5"
108,서울,2019-09-07,25.7,29.5,11:52,22.6,20:11,",6.9"
108,서울,2019-09-08,24.7,27.3,14:03,22.9,6:32,",4.4"
108,서울,2019-09-09,25.1,28,12:25,22.4,6:05,",5.6"
108,서울,2019-09-10,23.8,26.5,12:35,22.1,6:44,",4.4"
108,서울,2019-09-11,24.3,28.7,13:23,20.4,6:21,",8.3"
108,서울,2019-09-12,21,22.9,0:02,18.7,21:22,",4.2"
108,서울,2019-09-13,23.3,29.3,15:55,18.3,4:53,",11"
108,서울,2019-09-14,22.4,24.1,11:38,20.8,23:53,",3.3"
108,서울,2019-09-15,24.2,30,16:36,19.5,6:38,",10.5"
108,서울,2019-09-16,24.5,30.5,16:08,20.7,6:30,",9.8"
108,서울,2019-09-17,23.5,29,15:49,18,6:11,",11"
108,서울,2019-09-18,21,25.4,13:28,16,23:58,",9.4"
108,서울,2019-09-19,19.5,26,15:54,13.6,4:45,",12.4"
108,서울,2019-09-20,19.6,24.2,13:41,15.8,4:39,",8.4"
108,서울,2019-09-21,19.6,22.1,12:42,18.3,5:30,",3.8"
108,서울,2019-09-22,18.6,19.6,11:17,17.3,5:58,",2.3"
108,서울,2019-09-23,20,24.6,16:55,16.9,6:36,",7.7"
108,서울,2019-09-24,19.8,26.5,14:43,13.9,6:25,",12.6"
108,서울,2019-09-25,20.9,27.4,14:33,14.8,6:17,",12.6"
108,서울,2019-09-26,22.9,29,14:07,17.7,6:18,",11.3"
108,서울,2019-09-27,22.9,27,14:21,19.6,6:09,",7.4"
108,서울,2019-09-28,23.7,29.2,14:10,19.4,6:56,",9.8"
108,서울,2019-09-29,22.6,28.6,15:02,17.9,6:23,",10.7"
108,서울,2019-09-30,22.4,29.9,14:45,16.4,6:31,",13.5"
108,서울,2019-10-01,23.1,28.2,15:36,17.6,6:22,",10.6"
108,서울,2019-10-02,21.6,24.2,11:12,20,23:30,",4.2"
108,서울,2019-10-03,22.4,27.3,14:35,19.8,4:52,",7.5"
108,서울,2019-10-04,22.4,27.8,14:42,18,6:36,",9.8"
108,서울,2019-10-05,18.7,21.9,14:39,14.7,23:58,",7.2"
108,서울,2019-10-06,18.1,22.7,14:44,13.2,6:04,",9.5"
108,서울,2019-10-07,14.8,17.9,0:01,13.3,23:09,",4.6"
108,서울,2019-10-08,14.7,19.8,14:42,10.6,23:31,",9.2"
108,서울,2019-10-09,13.6,20.4,14:41,7.7,7:04,",12.7"
108,서울,2019-10-10,15.2,19.8,15:08,10.7,2:15,",9.1"
108,서울,2019-10-11,18.8,26.1,15:48,13,6:59,",13.1"
108,서울,2019-10-12,17.9,23.3,13:19,13.3,23:46,",10"
108,서울,2019-10-13,17.2,23.8,15:17,12.1,4:13,",11.7"
108,서울,2019-10-14,14.4,19.6,14:10,9.5,23:58,",10.1"
108,서울,2019-10-15,14.5,20.4,13:55,8.8,1:55,",11.6"
108,서울,2019-10-16,14.6,20.8,14:50,9,6:56,",11.8"
108,서울,2019-10-17,15.4,21.6,15:32,11.2,6:00,",10.4"
108,서울,2019-10-18,17,22.7,13:36,12,4:19,",10.7"
108,서울,2019-10-19,17,23.1,15:46,12.1,7:10,",11"
108,서울,2019-10-20,16.5,22.9,14:38,12,6:42,",10.9"
108,서울,2019-10-21,17.1,24.6,14:43,10.9,6:37,",13.7"
108,서울,2019-10-22,18.1,24.4,14:31,13.3,7:00,",11.1"
108,서울,2019-10-23,17,20.7,14:14,14.3,6:49,",6.4"
108,서울,2019-10-24,18.3,23.8,15:04,15.3,2:17,",8.5"
108,서울,2019-10-25,16.7,22,12:28,13.1,23:57,",8.9"
108,서울,2019-10-26,10,14.9,13:27,6.6,7:32,",8.3"
108,서울,2019-10-27,11,17.4,15:15,4.7,7:29,",12.7"
108,서울,2019-10-28,12.9,17.7,12:36,7.4,5:32,",10.3"
108,서울,2019-10-29,12.5,17.6,13:00,8.2,24:00:00,",9.4"
108,서울,2019-10-30,11.2,17.7,13:36,5,7:06,",12.7"
108,서울,2019-10-31,14.8,19.7,14:30,8.4,6:44,",11.3"
108,서울,2019-11-01,14.9,20.5,14:13,11.4,23:52,",9.1"
108,서울,2019-11-02,13.6,18.7,14:51,8.3,6:26,",10.4"
108,서울,2019-11-03,14.7,22.1,14:55,9.4,7:21,",12.7"
108,서울,2019-11-04,13.8,20.3,15:06,9.2,6:50,",11.1"
108,서울,2019-11-05,12.4,18.4,14:40,8.4,6:53,",10"
108,서울,2019-11-06,11,16.5,14:22,6.3,7:10,",10.2"
108,서울,2019-11-07,9.2,13.6,13:20,5,23:57,",8.6"
108,서울,2019-11-08,6.8,13,14:43,1.1,7:24,",11.9"
108,서울,2019-11-09,9.5,17.2,14:55,3.5,6:57,",13.7"
108,서울,2019-11-10,10,15.3,15:24,6.2,4:19,",9.1"
108,서울,2019-11-11,11.2,15.1,14:06,7.9,23:59,",7.2"
108,서울,2019-11-12,9.3,14.5,14:19,4.8,7:28,",9.7"
108,서울,2019-11-13,7.2,11.3,13:43,3,23:57,",8.3"
108,서울,2019-11-14,1.3,5,15:21,-2.5,7:39,",7.5"
108,서울,2019-11-15,5.6,7.6,15:15,1.4,0:01,",6.2"
108,서울,2019-11-16,6.8,12.7,15:57,3.8,5:53,",8.9"
108,서울,2019-11-17,8.3,10.5,24:00:00,5.6,0:04,",4.9"
108,서울,2019-11-18,4.6,12.7,1:20,0.4,21:03,",12.3"
108,서울,2019-11-19,0.2,4,14:16,-3.5,7:29,",7.5"
108,서울,2019-11-20,0.5,6.3,15:14,-4.6,7:22,",10.9"
108,서울,2019-11-21,4.2,9,13:36,-2.3,6:49,",11.3"
108,서울,2019-11-22,9.7,17.3,15:38,3,7:14,",14.3"
108,서울,2019-11-23,12.1,17.7,15:03,7.7,2:54,",10"
108,서울,2019-11-24,9.8,15.6,12:20,4.6,23:54,",11"
108,서울,2019-11-25,1.9,6,15:41,-1.2,7:33,",7.2"
108,서울,2019-11-26,6.6,13.7,13:03,1.2,2:41,",12.5"
108,서울,2019-11-27,3.1,6.8,14:23,0.3,23:55,",6.5"
108,서울,2019-11-28,3.5,10.4,13:30,-0.6,2:45,",11"
108,서울,2019-11-29,1.5,6.9,15:56,-3.4,7:45,",10.3"
108,서울,2019-11-30,4.1,9.3,13:01,-1.4,5:52,",10.7"
108,서울,2019-12-01,4.6,6.2,12:12,2.3,23:54,",3.9"
108,서울,2019-12-02,-0.1,2.8,14:04,-3.2,23:55,",6"
108,서울,2019-12-03,0.5,4.2,15:01,-5,5:20,",9.2"
108,서울,2019-12-04,2,7.2,14:03,-2,7:57,",9.2"
108,서울,2019-12-05,-4.4,-0.2,0:03,-8.5,23:35,",8.3"
108,서울,2019-12-06,-5.9,-1,15:24,-10.6,7:53,",9.6"
108,서울,2019-12-07,-2.4,1.2,16:03,-5.5,1:54,",6.7"
108,서울,2019-12-08,-0.9,4.9,14:45,-5.5,7:43,",10.4"
108,서울,2019-12-09,3.2,8,23:11,-1.3,3:01,",9.3"
108,서울,2019-12-10,8.1,10.8,15:32,6,8:25,",4.8"
108,서울,2019-12-11,6.3,9.8,6:47,0.1,23:57,",9.7"
108,서울,2019-12-12,-0.7,3.4,14:58,-3.5,8:13,",6.9"
108,서울,2019-12-13,2.1,5.9,22:09,-3.7,6:29,",9.6"
108,서울,2019-12-14,2.7,6.4,14:24,-0.1,8:12,",6.5"
108,서울,2019-12-15,5.3,11,14:53,0.4,2:25,",10.6"
108,서울,2019-12-16,7.8,12.9,15:31,2.1,5:17,",10.8"
108,서울,2019-12-17,7.7,10.2,0:01,3.2,23:56,",7"
108,서울,2019-12-18,0.8,5.2,13:39,-1.7,8:15,",6.9"
108,서울,2019-12-19,-0.8,3.1,15:06,-4.5,7:40,",7.6"
108,서울,2019-12-20,-1.1,2,14:22,-3.5,23:52,",5.5"
108,서울,2019-12-21,-1.2,1.5,13:44,-5.1,6:03,",6.6"
108,서울,2019-12-22,4.1,8.4,15:13,0.3,7:03,",8.1"
108,서울,2019-12-23,3.4,5.2,0:01,0.3,23:51,",4.9"
108,서울,2019-12-24,0.8,6.5,14:51,-2.9,6:58,",9.4"
108,서울,2019-12-25,2,6.6,14:53,-2.7,5:39,",9.3"
108,서울,2019-12-26,2,4.1,14:39,-2.4,23:54,",6.5"
108,서울,2019-12-27,-1.7,2.6,14:42,-4.6,7:24,",7.2"
108,서울,2019-12-28,1.1,6.1,13:47,-3.6,3:36,",9.7"
108,서울,2019-12-29,3.8,6.2,15:25,1.1,0:43,",5.1"
108,서울,2019-12-30,2.7,6.8,11:31,-5.7,23:59,",12.5"
108,서울,2019-12-31,-7.9,-4.5,15:26,-10.9,7:34,",6.4"
